filename,mean_R,mean_G,mean_B,contrast_R,dissimilarity_R,homogeneity_R,energy_R,correlation_R,asm_R,entropy_R,contrast_G,dissimilarity_G,homogeneity_G,energy_G,correlation_G,asm_G,entropy_G,contrast_B,dissimilarity_B,homogeneity_B,energy_B,correlation_B,asm_B,entropy_B,Jenis_Kain,Kategori,Tipe_Data
katun_rgb_01.jpg,170.40629142537324,166.4089920843746,163.28982004617615,0.4262427162397963,0.3689631721435225,0.8212442913185781,0.4095654084014466,0.7109603045440062,0.1681298070621177,12.337349413884382,0.428860737513813,0.3710396749835319,0.8202600484033604,0.4055892012887323,0.7190428232689483,0.1648895943862726,12.453617665652644,0.4341646227506314,0.3761133758290836,0.8177461793893992,0.4033399762397719,0.7223726887847035,0.163067891249766,12.576100831107304,katun,Alami,RGB
katun_rgb_02.jpg,169.90081338908112,165.9455461591295,162.86399098804145,0.5167574275289535,0.4222544319409086,0.7983138986142784,0.3769159890674484,0.7091232272551259,0.1424263942777208,13.369246430892405,0.5216219797095134,0.4267078786797649,0.7961283175498831,0.3708615289426036,0.7167675996655493,0.1378980396957256,13.49183451334257,0.5262716172657511,0.4309268429488485,0.7940616254822783,0.3664852563765632,0.7210091374988281,0.1346713969282865,13.610500740659171,katun,Alami,RGB
katun_rgb_03.jpg,169.69614876690056,165.71447392529316,162.68712842316256,0.4546259785663091,0.3830899907154091,0.8156029470272373,0.4045758118972626,0.7033734947353372,0.164044757674093,12.581813902157602,0.4569487006554892,0.3849456464049071,0.814721844168422,0.4001102939898247,0.7152279280206097,0.1604491704454031,12.730830504472022,0.4618389095008129,0.3896942797332156,0.8123617832944329,0.3957188935071339,0.7217221039987741,0.1569534526664431,12.882387390616,katun,Alami,RGB
katun_rgb_04.jpg,169.22781427215494,165.2594791516484,162.3972056270425,0.4358274353441551,0.3700709158276116,0.8215351362572609,0.4146091442848631,0.7019854191591817,0.1722580489723591,12.335574964564785,0.4392513091921461,0.3731670995233445,0.8200201030928276,0.4094453663854238,0.7159103631689039,0.1680001856506331,12.523787483022458,0.4436036174955963,0.3774610481551418,0.8178788748153079,0.4025935654026318,0.7256516622785651,0.1624348737188461,12.703688940190542,katun,Alami,RGB
katun_rgb_05.jpg,170.42760671977123,166.68746007645296,163.7892418430812,0.4695091060483872,0.3948389965625199,0.8100427790609321,0.3944546720774969,0.7152813715948196,0.1559676104978091,12.879590835693945,0.4743937515824094,0.3990647894556386,0.8079956340786212,0.3855072129687159,0.7301960317003596,0.1489868273834369,13.094586895638937,0.4782836710341193,0.4028798039782109,0.8060955176482683,0.3785440753674003,0.7388461468760225,0.1436654593666365,13.263206768147448,katun,Alami,RGB
katun_rgb_06.jpg,169.99365741241348,166.37704461124727,163.4943978127403,0.5306433974817089,0.4305679939033536,0.7947128895004303,0.3736628357090874,0.7141135376862268,0.1399793465252705,13.5227302960823,0.5366347328028027,0.4358551927363647,0.7921396058266177,0.3643446767974164,0.7280510515969719,0.1331018286162242,13.726885412289128,0.5391057962075401,0.4381013429136377,0.7910391801585379,0.3582383529984577,0.7365114879001589,0.1286881799530378,13.87430469223425,katun,Alami,RGB
katun_rgb_07.jpg,170.136517880743,166.48892816164457,163.84452832143887,0.4544784987766705,0.3876060484562204,0.8128817982939163,0.3961953148695381,0.7220304741682018,0.1573675979455833,12.76823405658484,0.4608252917017296,0.3932489699766189,0.8101307598955385,0.3855778558037825,0.7377133423021665,0.1490679438255455,13.024601822155818,0.4645697114859959,0.3969836112835906,0.8082644279714117,0.377184244964809,0.7504713461390504,0.1426621759485126,13.248364153450678,katun,Alami,RGB
katun_rgb_08.jpg,170.19714385192393,166.47316449302352,163.72139771962708,0.4395612406512627,0.371216452016696,0.8212201058076833,0.4144793248803363,0.7087037323328542,0.1721473339837598,12.41084097454098,0.4431441666469891,0.3741794081936444,0.8198007214321333,0.4066560813199709,0.7276780943075772,0.1657196199808991,12.655714889768422,0.4482351392209575,0.3792994898640052,0.8172378227313091,0.3976691435975524,0.7392972031314072,0.1584908453360662,12.883771271593524,katun,Alami,RGB
katun_rgb_09.jpg,170.2468039886502,166.6374179752579,163.85503697496156,0.4818398206016993,0.402060427896959,0.8069431902911237,0.3902131867326027,0.7177179108647447,0.152648587627448,13.019469375366722,0.4887870314654611,0.4081757092773696,0.8039688056347531,0.3793984909336205,0.7344297011142834,0.1443232007542983,13.279878366411102,0.4919948918824997,0.4114273235259396,0.8023383655519811,0.3710941395901739,0.7457031681302363,0.1380900279027501,13.486794933499358,katun,Alami,RGB
katun_rgb_10.jpg,170.24383425245097,166.6866870114059,163.95309421256246,0.4349264611963868,0.3755872980551656,0.818138817095519,0.4045460940028035,0.7201549121255475,0.1640525026883383,12.528056818825728,0.440134168071807,0.3802507991207366,0.8158614682756176,0.3938773016269782,0.7378581199667301,0.1555322508054742,12.805767365916642,0.4432634680643676,0.3834829106803652,0.814235077106376,0.3855596851928997,0.7499507836322912,0.1490478812330824,13.01441057904904,katun,Alami,RGB
katun_rgb_11.jpg,170.3997507218778,166.6941794972687,163.93365094454856,0.4540954705526819,0.3859514083601107,0.8138362537151068,0.399903809146116,0.719073154021736,0.1603261909413207,12.716286181299663,0.4596479326414247,0.3908828201070455,0.811432596232582,0.3889887419095635,0.7369166388282077,0.1517123707770178,12.985838658509223,0.4632641981998214,0.3945307724808425,0.8096054605827894,0.3814911560968026,0.7475416267817333,0.145934455415815,13.183374528027205,katun,Alami,RGB
katun_rgb_12.jpg,171.3375813739507,167.774378894736,164.89377558110664,0.4995225158972862,0.421197692264798,0.7972303822310516,0.3734917778731514,0.7264859443563126,0.1398569734657847,13.380268017875393,0.5063269550687594,0.4275798917873722,0.7940813493459649,0.3608288490812468,0.7442583172359963,0.1305536426450206,13.66403011836572,0.5081953203447644,0.4291785561720004,0.7933090282155262,0.3546622094713241,0.7527591469996571,0.1261389404615354,13.811082775212236,katun,Alami,RGB
katun_rgb_13.jpg,170.57690313921728,167.13485223031205,164.54415293997502,0.3871839224387124,0.3528660853064533,0.8269985474202219,0.4133489701172309,0.7384311275863605,0.1712398343032086,12.097495613004412,0.3947929012375,0.3603642703558322,0.8232605487245988,0.3957674913558434,0.7605668461846057,0.1570135435480608,12.522946327480936,0.392208609649831,0.3580169200783707,0.8244105353377178,0.3895885653547714,0.777024509568477,0.1521537782789052,12.754008052757648,katun,Alami,RGB
katun_rgb_14.jpg,170.37259757865564,166.86033354058534,164.30347364895712,0.268939693458412,0.2607045993801044,0.870471030531675,0.4884819123051363,0.7298240419929827,0.2390213994859012,10.077072021110718,0.2716890232470191,0.2635477863186908,0.8690400734515691,0.4653383632528547,0.7642119985924147,0.2169423305245507,10.576970072891168,0.2719453813855126,0.2639538617719211,0.8688220418915522,0.4532497931336129,0.7861440264982419,0.2058268951071442,10.911470964328068,katun,Alami,RGB
katun_rgb_15.jpg,170.1889296134099,166.65437421905037,164.11680178096566,0.4671462220556901,0.401416377486598,0.8058626926540313,0.3833107298623582,0.729309141216901,0.147299725887058,13.047339046106664,0.4750704748915139,0.4086871566859456,0.8022926776506326,0.3693814430792549,0.7487793268165861,0.1368122117978278,13.404692331080046,0.4726458840269582,0.4065115185614917,0.8033556577180263,0.3641782933685619,0.7639821578440318,0.1329901664123656,13.595379654432016,katun,Alami,RGB
katun_rgb_16.jpg,169.936273884043,165.7210296470508,163.482760036204,0.4007620765571905,0.3574893017688604,0.8255819664497773,0.4117297608713838,0.7335530554345426,0.1699361878104271,12.26325172532196,0.4076913796995237,0.3642359883206534,0.8222269390615926,0.4001753270420652,0.7498708711073704,0.1605516350685503,12.587433607632567,0.4062860181196649,0.3629122896312746,0.8228805840056851,0.3904609099092808,0.7717601754033427,0.1528626635682998,12.880962682920696,katun,Alami,RGB
katun_rgb_17.jpg,169.7114424890667,166.3932932445854,163.56004726747724,0.4899849860259281,0.4355660286873766,0.787657374598004,0.3678118294421771,0.7166664992130587,0.1356072866005942,13.28369982708912,0.4917334339401912,0.4373179211960696,0.786781004799477,0.3601944578449608,0.7337412046239206,0.1300611099807626,13.533185559904954,0.4909856464954045,0.4363459535944971,0.7872894275273734,0.3554107358281461,0.7507612437003289,0.1266338399145339,13.751861915710592,katun,Alami,RGB
katun_rgb_18.jpg,170.32789922545817,166.85810057529957,164.41665765570934,0.3053217883237156,0.2887261683206697,0.8572962388058053,0.4623854923881874,0.7350754463931097,0.2141452588814892,10.85869113860818,0.3077779038590277,0.291306763618635,0.85599347227232,0.4448848287793875,0.7640592103005052,0.1982600109722277,11.28828800798428,0.3087713664000501,0.2923858829199801,0.8554453336869864,0.4309415065033286,0.7863830448867376,0.1860418164759715,11.635294052917237,katun,Alami,RGB
katun_rgb_19.jpg,168.84303838467576,165.76925090910547,163.01490362280532,0.4957631046545712,0.4393338396199416,0.7859741562943798,0.3638657602026027,0.7206661870138682,0.1327178507660411,13.405665728244063,0.4953424438543276,0.4391906179394146,0.7860181092560928,0.3575539245150049,0.7388569360928596,0.1281637325333107,13.645900899923015,0.4949580396343569,0.4385843620836798,0.7863434452605862,0.3515843575003303,0.7573104886566848,0.1239254901885412,13.891878559831682,katun,Alami,RGB
katun_rgb_20.jpg,169.3318679263985,165.31201290769576,163.50635147339165,0.4390580561061065,0.3842743913534878,0.8133400898721685,0.3896212081135512,0.7412736432254589,0.152205404279372,12.87144096182706,0.445593377635601,0.3904674979421407,0.8102775868722938,0.3801926753468729,0.757058608507379,0.1449428835403374,13.18622203293259,0.4429448153696126,0.3879235051931354,0.8115391186396215,0.3716532813672267,0.7812935716850751,0.1385125753315114,13.499427611397415,katun,Alami,RGB
katun_rgb_21.jpg,169.1777452632401,165.22582647999968,163.41936269503717,0.5065869735852546,0.4274712766289886,0.794172679424179,0.3641107599887668,0.7314129432212523,0.1329462536636297,13.58176219086622,0.5129741459976236,0.4330837570105567,0.7914439812004687,0.3537150219422972,0.7477346350160397,0.1254796409547796,13.884712954905226,0.5087576401085272,0.4290763245992234,0.7934268752353693,0.3476342335087261,0.7700522154145957,0.1212084688393058,14.14857821546736,katun,Alami,RGB
katun_rgb_22.jpg,170.23383934864796,166.18620617671087,164.40134002947585,0.3080501894080993,0.2943084841708054,0.8542196817572626,0.4553734026498773,0.7349160294691421,0.2077524639588876,10.92563159285957,0.3095756477003688,0.2960011211210377,0.8533566875809724,0.4417466506119774,0.7580466373049288,0.1955265309070591,11.256165174980874,0.309503195277316,0.2960997394669085,0.8532902801676728,0.4237715978497951,0.7913813880909548,0.1799540417195435,11.72502547186881,katun,Alami,RGB
katun_rgb_23.jpg,168.45980962850825,164.5168109421056,162.90341380118224,0.267999102145214,0.2605569437730916,0.8704657262694852,0.4952464421588439,0.7535332146912691,0.245650585110873,10.32517248665513,0.2687386680837134,0.2614826735059918,0.8699842406032998,0.4840595950256009,0.7782152321777073,0.2346832864274284,10.68355057102833,0.2683540061442815,0.2611370869132671,0.8701531307852868,0.4533938152626995,0.8107580866721981,0.2059323238635824,11.218660133655892,katun,Alami,RGB
katun_rgb_24.jpg,169.4130707940856,165.47822427071318,163.67198988970588,0.2415897983046349,0.2376935417181503,0.8815427374989586,0.513203464680889,0.7441392024084351,0.2637780145296861,9.72334470580482,0.2482887422679386,0.2444299302128972,0.8781707931880661,0.4873943115602634,0.7707787104612785,0.2379541636514147,10.230345485411036,0.2437633916492029,0.2400260576232805,0.8803606005480634,0.4640696149669615,0.8091951572506636,0.2157480715330305,10.696828527183884,katun,Alami,RGB
katun_rgb_25.jpg,169.26203338259324,165.37190986739876,163.4475034141516,0.4277540904172528,0.3814511299672509,0.8139044128019172,0.3882609313769175,0.7426883874777628,0.1511471320947592,12.78761031284877,0.4337553636103908,0.3873489450228085,0.8109658310279102,0.3773123254641064,0.7601641589795651,0.1427621853621825,13.12549702391798,0.4301709344712404,0.3838525595331093,0.812705254768823,0.3697175324901281,0.7842317771017788,0.1370760156973403,13.427175281596757,katun,Alami,RGB
katun_rgb_26.jpg,169.63714188953767,165.6306139515651,163.8325856741798,0.3882460386315553,0.3536101917682158,0.826658231236372,0.4069153089044896,0.7419317666574815,0.166001304064009,12.27906204398651,0.3928730427377151,0.3582961122525511,0.8243093307344926,0.3979257442453405,0.7595360278762251,0.1587614808887107,12.595816600256686,0.3894337212174046,0.3551272306545321,0.8258667066298759,0.3865980487971349,0.7872350212588253,0.1498610005297933,12.939960836485138,katun,Alami,RGB
katun_rgb_27.jpg,169.66177309107874,165.63059154932398,163.86732454164263,0.350514813174406,0.3248916711068993,0.8401163725662132,0.4312244932458501,0.7451587931437045,0.1864692756944131,11.702925658036852,0.3527573086525288,0.3272482604698749,0.838926650815059,0.42538078885601,0.7630765297072506,0.1814558964902434,11.9955818054491,0.3510450568976034,0.325677901806394,0.8396976352272801,0.4099447751436288,0.792326373137141,0.1685402074270788,12.407204232738511,katun,Alami,RGB
katun_rgb_28.jpg,169.04562185117103,164.94923001369665,163.180474707244,0.2135808771610894,0.2117325127653544,0.8943185214043317,0.5355620957518141,0.7538466585124521,0.2872129836154222,9.173654551706226,0.2162246197351774,0.2143838293607174,0.8929921057045227,0.508080499040162,0.7824821097371759,0.2585330891490909,9.6267531062491,0.2099735262582267,0.2082596055028763,0.896041539512123,0.4884737837699349,0.8211042180159733,0.2389771960000991,10.049620455268872,katun,Alami,RGB
katun_rgb_29.jpg,169.1470126423731,165.07148730356113,163.23539111059048,0.4715307854178292,0.4009606705104596,0.8065731314952335,0.3825945756087301,0.7273319165021479,0.1467648288816203,13.13271198788807,0.4788054744329811,0.4078037840684604,0.8031946554558362,0.3727437751907165,0.7442260119947659,0.1393199381897113,13.452358195202184,0.4760196580162518,0.4051191061830638,0.8045270139994393,0.3634549056381826,0.7696561935715269,0.1324725402093503,13.765568785155171,katun,Alami,RGB
katun_rgb_30.jpg,170.0336688162806,166.12713284353774,164.3156901291971,0.5888737505138164,0.4709518291128791,0.7763035685892,0.3426280899544659,0.7299183684387407,0.1177378558525397,14.362344749683132,0.5957104954123811,0.4769765519279417,0.7733723516250925,0.3326045062686362,0.7447102569912946,0.1109677407143593,14.64173157371573,0.5920451978592097,0.4736189997925668,0.7750204116150452,0.3271694252644047,0.765310701562035,0.1073755592322747,14.890686951843458,katun,Alami,RGB
sutra_rgb_01.JPG,164.96867741598953,163.76197775599437,159.5568997130102,0.6901273104837633,0.5059889332746481,0.7645600645630084,0.265373092163465,0.871061084632914,0.0705504311891377,17.210296407566627,0.6907101323024808,0.5063077042379525,0.764428045392392,0.2589478337687368,0.8866100119310016,0.0671744996126625,17.5514793727501,0.6906494451668413,0.5066034273723221,0.7642415093685153,0.2586518672858832,0.8813808480032077,0.0670253780395473,17.52398992618988,sutra,Alami,RGB
sutra_rgb_02.JPG,164.75009866504473,163.6212388360051,159.34359679442764,0.8999338365597662,0.5723703996753318,0.7442800315326773,0.2624535054263157,0.8423736745998865,0.0690700237164705,17.815712432278147,0.90041596714767,0.5729891039243067,0.7439678668952489,0.2558820029583349,0.8604864499618694,0.0656543193211556,18.138495120066345,0.9016240831993948,0.5743753328033762,0.7432545486486208,0.2537557626933474,0.8538238424449837,0.0645788113422873,18.12891317865922,sutra,Alami,RGB
sutra_rgb_03.JPG,164.49747629086357,163.3969972199914,159.13473224455677,1.3568635401262277,0.7212523709681843,0.6968057903267695,0.2334623519127581,0.7930336274087942,0.0548802648073229,19.191297999570864,1.3587381380028247,0.7230881201727191,0.6959037075386899,0.2277338485696546,0.814334403092363,0.0522244384153118,19.498642759819443,1.3596486124442682,0.7241019164826956,0.6953830737256651,0.2258200910851965,0.806682268263026,0.0513688875645786,19.47513054599724,sutra,Alami,RGB
sutra_rgb_04.JPG,164.9963401255564,163.84960051729024,159.6328812292664,0.8741215825941043,0.5777072905811986,0.7391336124142772,0.2566844844072173,0.8430799692096869,0.0661607840580009,17.813829714994878,0.8755330898726896,0.5787620583833174,0.7386386498686162,0.2504017030723827,0.8611929635009782,0.06295947759856,18.150874095030243,0.876631119293813,0.5800679096548274,0.7379610823920905,0.2489036631559165,0.855149280319855,0.0622220920508779,18.13631277092371,sutra,Alami,RGB
sutra_rgb_05.JPG,164.94745212899974,163.8636963321208,159.6135120425485,1.5253070289624917,0.766866151077979,0.6842076438970977,0.2290109759294898,0.7721688878448464,0.0529407267909068,19.465432878545545,1.527575756610032,0.7692627602255142,0.6830067552997192,0.2235704187601606,0.7945474775489234,0.0504600920716277,19.76197729580165,1.5285865765152693,0.7701333977869811,0.682578137381673,0.221723919650789,0.7870739558542217,0.049652666204263,19.742460907332937,sutra,Alami,RGB
sutra_rgb_06.JPG,165.34256716768496,164.25088978975077,160.0024528474584,0.9022045211503968,0.5819088513077242,0.7391335922276426,0.2554420398511958,0.8424389028073421,0.0655489195550353,17.880386288697014,0.9042332074373588,0.5836990469006963,0.738262516651532,0.2494579733456267,0.8600900219443811,0.0625111035879557,18.217986908446285,0.9054723759189816,0.5854276868325666,0.7373513165968326,0.2475425385053516,0.8542056874748734,0.061571091244192,18.21518118682687,sutra,Alami,RGB
sutra_rgb_07.JPG,165.27912554392898,164.1987389573885,159.90518281000672,0.6984486184383474,0.4981355190032833,0.7698267834868471,0.2833646454045789,0.862064975556682,0.0804439956154529,16.86406193757358,0.7003470841308171,0.5000967103018352,0.7688391359066907,0.275501143627349,0.8788980439221449,0.076040224733401,17.217503889547874,0.7009151233689241,0.500996165760567,0.7683585963987556,0.2741092297171029,0.8734701883777032,0.0752808051991675,17.215810794722536,sutra,Alami,RGB
sutra_rgb_08.JPG,164.32380932697154,163.23673853221845,158.97985641980557,1.589050445170453,0.7822997211050138,0.6806705858251613,0.2385084926060079,0.7312030788042175,0.0573676114094174,19.228656697823,1.5903176692750425,0.7839790615684595,0.6798149338619249,0.2341345668382413,0.7573926753603815,0.0552781974763637,19.49262667464904,1.5917895258175174,0.7852364836711108,0.6791880035377726,0.2313838270794828,0.7504128585385521,0.0540152356867206,19.516235923382688,sutra,Alami,RGB
sutra_rgb_09.JPG,165.12364755894643,164.00450734402557,159.77382363053246,0.9306613026949042,0.5763665552451904,0.7445066318703485,0.2626273027999398,0.8325873297740711,0.0691898268238765,17.746202740455097,0.9330400071736752,0.5785740502083717,0.7434221971703079,0.2553757023887928,0.8515069172476323,0.0654233809149893,18.092099959756176,0.9350315852978136,0.5806015791369902,0.7423990601193113,0.2548319929696921,0.8450224384634885,0.0651515005153655,18.08182639478399,sutra,Alami,RGB
sutra_rgb_10.JPG,164.96653950932225,163.94894932799508,159.7083482602146,1.4401537580616288,0.7474010115481615,0.6887242366919241,0.2348342825136698,0.7710711742973528,0.0555737364463269,19.20676013764101,1.4428588681955918,0.7504553561170386,0.6871839947188403,0.2294089821526223,0.7940191196912366,0.0530371947117104,19.509484402000076,1.4438836413948763,0.7512719185946454,0.6867860340502426,0.2273697402077381,0.7869202350554875,0.0521205199443674,19.50548169681733,sutra,Alami,RGB
sutra_rgb_11.JPG,164.74218684387336,163.57892219387756,159.28360360830288,0.868661282216566,0.5586494444333602,0.7497486021812125,0.2906548249669817,0.8040491495035885,0.0848826909297857,16.890082543433838,0.8709189673007425,0.560512391771815,0.7488521187069541,0.2820497484523701,0.8280741432826946,0.079931395276684,17.252413149927957,0.8698994359177309,0.5598412758120275,0.7491583574745225,0.2799830977867437,0.8219005061766405,0.0787850990223535,17.228885785464193,sutra,Alami,RGB
sutra_rgb_12.JPG,163.00640830695704,161.7329614571523,157.6621495627572,2.344294513149181,1.0047841937422914,0.6140421383579071,0.199876042589304,0.6610699811134189,0.0405456186468533,20.931345652746543,2.3456389314801016,1.006938340232357,0.6129486630572132,0.1950437227480156,0.6895654531955051,0.0386170010644363,21.208011544527917,2.3472109573633424,1.0077202287376592,0.6125780377487826,0.1939194497977195,0.6833194804098113,0.0381913025145989,21.18605605961598,sutra,Alami,RGB
sutra_rgb_13.JPG,164.71488123123478,163.60924951577854,159.3305716962711,1.433401406243274,0.7318951206572318,0.6964042780107321,0.2392917969851294,0.765194522012887,0.0576302876151409,19.0841268466459,1.4342744802510523,0.7329256710280445,0.6958917332938317,0.2337045458809686,0.7896017278675782,0.0549736529663933,19.38352724755409,1.4346809047937932,0.733363942863532,0.6956552521340419,0.2323869356231873,0.7814083304772741,0.0543731468669684,19.36063750505663,sutra,Alami,RGB
sutra_rgb_14.JPG,164.3626208585286,163.24201854738808,159.01331248162845,1.6363646015729636,0.8094420492603226,0.6689996592193044,0.2267761247282499,0.7391780035407024,0.0519308814214706,19.590847335989118,1.6377934830345124,0.8111105399627211,0.6681606999696846,0.221547821719666,0.7653598898825625,0.049567119681752,19.88751550528629,1.6384525700242638,0.8112541171367806,0.6681151225892634,0.2203338031120683,0.7570275754736215,0.0490458871675602,19.856507223041184,sutra,Alami,RGB
sutra_rgb_15.JPG,163.99246758406295,162.75873501406735,158.62903854153544,1.506178910460321,0.790904576282022,0.669668686892867,0.2258615271466537,0.7356893594920025,0.0514301522445752,19.298743231958625,1.5066421872713631,0.7908551668123913,0.6697446453428122,0.2208143492428666,0.7628239891917505,0.0491558084970999,19.602698563281784,1.5075362880021377,0.7919166797952911,0.6691800082597791,0.2204003572163374,0.7553139426711153,0.0489834134893072,19.581864539581257,sutra,Alami,RGB
sutra_rgb_16.JPG,164.89269614578083,163.72744630259513,159.4142148033982,1.3671045312683834,0.7086457166079017,0.7046268746412399,0.2465693135720703,0.7869268845194263,0.0612548279723068,18.86899724492094,1.3677254289216565,0.7099131755844685,0.7039509283387037,0.2401687792035675,0.8093510150989867,0.0581218824568718,19.17235675930843,1.369506437458372,0.7111194665975341,0.7033832751870376,0.2386989978894111,0.8005245527066291,0.0574340923816379,19.140553767102624,sutra,Alami,RGB
sutra_rgb_17.JPG,165.1282192033835,163.94085124887147,159.70548869625011,0.80298430514688,0.548789843502573,0.7495809021084839,0.2679049070528838,0.8420388048185359,0.0719538042964637,17.367450748203332,0.8035587044190773,0.5490489084502181,0.7494826916570727,0.2612457705666084,0.861559390080437,0.068419521746497,17.70738601056927,0.8026982053337246,0.5484637244583922,0.7497423461803261,0.2608229344842325,0.8548596696454234,0.0682054948507668,17.66378400106234,sutra,Alami,RGB
sutra_rgb_18.JPG,164.34055564741328,163.13291830042203,158.84257922401213,1.021247313415127,0.6293031154963153,0.7219394720027126,0.2599480360764786,0.8035656342046344,0.067857985257832,17.974575018691322,1.0215550555516493,0.629554157954403,0.7218217406866754,0.2536535424853796,0.8269163578922396,0.0646095811723149,18.303236568350165,1.0209050384442109,0.6292488255881865,0.7219406384155942,0.2524311180982547,0.8190803939736094,0.0640031018132481,18.264864146417708,sutra,Alami,RGB
sutra_rgb_19.JPG,164.15216364323507,162.948970734127,158.69127133395796,1.7269853981629173,0.8442864851541363,0.6569447762098625,0.2241692741045465,0.7126673900867324,0.0508537159156333,19.65874780367309,1.7265489968262204,0.8444701788160538,0.6568107380770598,0.2192003810579788,0.7420677910862036,0.0486252147108923,19.951373330676056,1.7269308604722222,0.8446129897605485,0.6567544862183603,0.2184355363902398,0.7331264249543068,0.048308477989608,19.91469494852673,sutra,Alami,RGB
sutra_rgb_20.JPG,164.15982671039094,162.94932701089695,158.68151784730097,1.4179705823945743,0.7572592310543778,0.6816726514215663,0.235385363808379,0.7522032648419317,0.0558722733217181,19.079735852646746,1.417315061785501,0.7568413894614686,0.6818729764908492,0.2299483846905632,0.7793494578834256,0.0533200690277352,19.38482418380772,1.4171497117744312,0.7563758531548325,0.6821167652373041,0.2295681137277809,0.7710003597880243,0.0531615651948785,19.3420201586196,sutra,Alami,RGB
sutra_rgb_21.JPG,164.5506564219052,163.39847006028492,159.13328753569328,1.3919455317054783,0.7405815630666576,0.6887478922451272,0.235309812000969,0.7718720447213179,0.0557936665965384,19.09835084344996,1.3914887150483488,0.7404038652591272,0.6888177475821358,0.2299316394292123,0.7964859511732041,0.0532735035830865,19.395838505474284,1.3919282060016762,0.7405621991756581,0.6887543386388189,0.2287983329647337,0.7883105990139201,0.0527676861817043,19.355859689067632,sutra,Alami,RGB
sutra_rgb_22.JPG,164.636636242074,163.46480266006867,159.18042547844755,1.281101454805072,0.7077920934272872,0.69852702218189,0.2404878354582847,0.7825919961159405,0.0582714948278565,18.807489968523434,1.2804846327154638,0.7072339504102645,0.6988091092078978,0.2351765997650919,0.8067926245786776,0.0557236504878295,19.107260388667022,1.280005794360048,0.7071551793840865,0.6988096795024252,0.2339833822960198,0.7987902042004812,0.0551802439669585,19.070049680334314,sutra,Alami,RGB
sutra_rgb_23.JPG,164.66820380737173,163.51628448929725,159.23347200570043,1.2217820027992408,0.6905042069213194,0.7034904245023242,0.2447414354147107,0.7875585807757116,0.0602876753664847,18.625852609530625,1.2210643616941772,0.6898919312451784,0.7037956759728615,0.2391146124394007,0.8117826184915236,0.0575459208937116,18.933141123663848,1.2205473511242486,0.6893102495661623,0.7040798233410388,0.23813574536988,0.8035976133045122,0.0570932956008211,18.884496192097338,sutra,Alami,RGB
sutra_rgb_24.JPG,164.63364512471657,163.41598724752245,159.1210128823906,1.2170015425883731,0.6936099790111179,0.7014224420688318,0.2461654592814291,0.7793361933406779,0.0609907179100777,18.560995921489614,1.2158373958211437,0.6926963103691288,0.7018660128861333,0.2405571701373742,0.8048206548102144,0.0582419347468473,18.866990006132244,1.214394221918345,0.6916134440110768,0.7023701291062149,0.2396763524077,0.7969946540847389,0.0578340009650432,18.8207680402335,sutra,Alami,RGB
sutra_rgb_25.JPG,164.5738486125546,163.29658679636978,159.0284318540302,1.2056397174891922,0.6902924360622502,0.7025266129497402,0.2472585549283029,0.7751531341350844,0.0615844063072682,18.499559732977097,1.2045657642936205,0.6892028512062054,0.7030806428821239,0.2411868878854301,0.8014943220954867,0.0585962922526051,18.81686582392253,1.2030089187395845,0.6880710638048391,0.703610267333632,0.2409741445592005,0.793742153147194,0.0585105579832594,18.76619725557109,sutra,Alami,RGB
sutra_rgb_26.JPG,164.64137519880637,163.37123161861194,159.03426211341016,0.7936747239012049,0.5398845704467271,0.753969734264424,0.2789166410368642,0.8452789401280969,0.0779827905183449,17.207187946104003,0.7918537392089017,0.5381238868529286,0.7548480925680234,0.2716596834363651,0.8651833051396058,0.0739754906874302,17.531857255140288,0.7910812733984626,0.5375589033911906,0.7551133459871242,0.2694742424794578,0.8577162194797,0.0728035948916198,17.474460794700732,sutra,Alami,RGB
sutra_rgb_27.JPG,164.7640081399072,163.46980078682708,159.15244003658563,0.8518499242611863,0.56997041899661,0.741644239663507,0.2695432772846454,0.8308484103777034,0.0728773474944813,17.469376050367558,0.8503142889548858,0.5682988547581507,0.7424935922768028,0.2626229641629262,0.8525776194157032,0.0691816798185703,17.800503099100954,0.8494280959278103,0.5676229758102702,0.742810961089822,0.2615625607677466,0.8451604976366458,0.0686357548542785,17.73807476102793,sutra,Alami,RGB
sutra_rgb_28.JPG,164.5527631625567,163.24129524977428,158.97698250307067,1.3810651423358395,0.7444412719866744,0.6857628206019237,0.2403935231898863,0.7458971665386293,0.0582531860680943,18.8578570391147,1.3800061142919806,0.7434324226237261,0.6862731684690172,0.2346734606500224,0.7743437636374481,0.0555141066763128,19.16031123171486,1.378637251427536,0.7422388069073201,0.6868372311402405,0.2341959411358605,0.7661751183706975,0.0553056131759348,19.11076367221777,sutra,Alami,RGB
sutra_rgb_29.JPG,165.06295805841626,163.81250008201584,159.48348037131518,0.8997392729398368,0.5684381337592529,0.7464951569800068,0.2694341856714495,0.8304326361080845,0.072860187381214,17.54549044592496,0.8979366514491391,0.5665165769690568,0.7474671804544428,0.2628620579355217,0.8515727300461193,0.0693480973203657,17.85071058109043,0.8961509552881146,0.5649249076429066,0.7482442569643828,0.2621192753180872,0.8441007421121882,0.0689692391413012,17.79579305815337,sutra,Alami,RGB
sutra_rgb_30.JPG,165.0786781147644,163.82509385891703,159.50994794619237,0.7483574601179881,0.523789781025294,0.7594064340297569,0.2730374819885357,0.8643359150243998,0.0747402571130439,17.277698218909855,0.7468332070836594,0.5221998371454633,0.7602068954101149,0.2661564357423158,0.8811217015109738,0.071019022959042,17.58701198153145,0.7474087218311086,0.5229923982168585,0.7597898323427383,0.2651564735287529,0.8744370416267501,0.0704961703520432,17.540749617584623,sutra,Alami,RGB
polyester_rgb_01.jpg,161.75687323285115,157.87266440992246,156.499958074018,0.314965936376968,0.3061460608125256,0.8478089306297638,0.451912447778955,0.7307426589242136,0.2052767695170795,10.958929171472477,0.3160126034394076,0.307568358067721,0.8470602234018317,0.4524414904159368,0.7298200992139223,0.2057558162540993,10.985614817851827,0.313803149444998,0.3054402467353942,0.8481161536423771,0.4513939889099019,0.7333195382306336,0.2048057023654743,10.986231939248905,polyester,Sintetis,RGB
polyester_rgb_02.jpg,167.42412523628732,163.89225635873223,161.5873463381472,0.2917781488265506,0.2853044686606752,0.8579951071658323,0.446228818035366,0.7708740961593663,0.2000595516080434,11.075327405464474,0.2943381068227618,0.2875229806888326,0.8569200001675003,0.4436251976754767,0.7715796353247165,0.1977516696872616,11.114609012943534,0.2955699629028014,0.2887222077437342,0.8563236583831538,0.4420583662912844,0.7757765694195179,0.196359035819771,11.201986142314526,polyester,Sintetis,RGB
polyester_rgb_03.jpg,167.03034327241926,163.45317731361337,161.25791687692234,0.2822478389243697,0.2772919312494802,0.8618496030412723,0.4582333139524431,0.7632254863566471,0.2109290870634866,10.784506327744982,0.2832273555743392,0.2780936733165223,0.8614665315675207,0.4566568872166505,0.7665832197879964,0.2094909397516504,10.844890579291413,0.2861367911678831,0.2809539534866028,0.8600412937639409,0.4529368259206675,0.770589793053354,0.2061024049806762,10.962643538377051,polyester,Sintetis,RGB
polyester_rgb_04.jpg,167.0438355540337,163.34682411312156,161.19633524365628,0.2892890748159646,0.2837084353813762,0.8587038418324753,0.4521504618540016,0.7615857874125722,0.2054269962561185,10.882481435049709,0.2902307475379141,0.2844572429506405,0.8583487245631118,0.4526904554666084,0.7642412553378096,0.2059117442761299,10.946105477658833,0.2922824804102048,0.2865016459283253,0.85732725606373,0.4524795416059179,0.7648962178159033,0.205723464300064,11.003224310045496,polyester,Sintetis,RGB
polyester_rgb_05.jpg,166.90541861403466,163.16799403074137,161.60979313345027,0.2847357734522721,0.2795355932871535,0.8607522125323444,0.4582698340810571,0.7570719916737889,0.2109598199241411,10.732076341235224,0.2844629241844471,0.2791297396800528,0.8609684441901179,0.4587303309434513,0.7632197216028083,0.2113731110796968,10.82819946952318,0.2852944279297913,0.2799855975899016,0.8605380842390383,0.4589612453376751,0.7638788538223242,0.2115834337534012,10.861770490749745,polyester,Sintetis,RGB
polyester_rgb_06.jpg,166.97600432125463,163.47420701072505,161.36515027273165,0.2658398669999892,0.2624090636292225,0.86913854410217,0.471400091363208,0.7624053127931445,0.2230322427885644,10.433550554038492,0.2639873369523471,0.2604567808051575,0.8701246652121403,0.4743929779670977,0.767074866647969,0.225857804918587,10.479887014040491,0.2656518842751664,0.2621354783233913,0.8692838970131865,0.4728701637983724,0.769994464480368,0.2244140162601192,10.565771556816514,polyester,Sintetis,RGB
polyester_rgb_07.jpg,167.0008584188373,163.22364244921826,161.668900007409,0.2509192645649619,0.2487981446632075,0.8758130396585717,0.4847370652475588,0.7703706510286901,0.2357122043809694,10.256307012613236,0.2524273853008201,0.2500941771097821,0.8751862322642128,0.4815597064238843,0.7748728575866949,0.2326437365069042,10.361413807817769,0.2535451620320766,0.2512400669960362,0.8746104760055857,0.4785346880777074,0.778361101954975,0.2297392993568408,10.439861887793946,polyester,Sintetis,RGB
polyester_rgb_08.jpg,166.896903009059,163.33512738990612,160.89726219583014,0.2696433851830557,0.2664091290479562,0.8671188610895318,0.4703840496265802,0.7589682332411405,0.2221155713883505,10.4648601170854,0.2697548119453582,0.2663042141570303,0.8671929527003175,0.4719935684484654,0.7638709920584155,0.2236243765763451,10.55820930104907,0.2703912171441556,0.2670367317645268,0.8668170472960455,0.4694655050068865,0.7692366839855234,0.2212374189215522,10.651956915408697,polyester,Sintetis,RGB
polyester_rgb_09.jpg,166.94741743460048,163.3166156296056,161.77690546704792,0.2427957824095768,0.2412857469254657,0.8795081256653827,0.4957339549056214,0.7694551946091595,0.2464435411591429,10.061456258622751,0.242495337801457,0.2408140424324309,0.879761103900392,0.4957217839324916,0.7766853619017928,0.2464256863989384,10.171638358912436,0.2447668321819494,0.2430502816834269,0.8786464921066621,0.4912599821952456,0.7778367652141677,0.2420311488523015,10.24690418925998,polyester,Sintetis,RGB
polyester_rgb_10.jpg,167.10376930847912,163.4024770370771,161.37700568891773,0.2660897429531751,0.2630815342426706,0.8687600537497154,0.4702374459372662,0.7685603593754148,0.2220502375592262,10.531312041815266,0.2667052513209432,0.263524026553447,0.8685561092000261,0.4693780451837553,0.7737281512815518,0.2212441875140534,10.632626838047084,0.2680765082375789,0.2649012922898525,0.8678668710295512,0.4674733747438215,0.7759003683147992,0.2194613794847249,10.696971502891351,polyester,Sintetis,RGB
polyester_rgb_11.jpg,168.42364252430957,164.74352049592304,162.76982898704824,0.2978734642023862,0.2919635061408835,0.8546092383154132,0.4332358263845455,0.7860989405161619,0.1887212420455387,11.405314385887298,0.2970280972195003,0.2909087546416006,0.8551575436761039,0.4313743819411549,0.7918100040537392,0.1871014215692921,11.474338819010164,0.2974834843861209,0.2913514899471131,0.8549374146903951,0.4306151901741719,0.7943564218251559,0.1864443725699084,11.52493780657516,polyester,Sintetis,RGB
polyester_rgb_12.jpg,166.8036765206491,163.34328881419808,161.91744085808344,0.2766394824922408,0.2724240182759222,0.8642094930834261,0.4635301312850787,0.7605811302338301,0.2158182443887276,10.624023208586806,0.2764386073417135,0.2720796215401089,0.864396043608507,0.4627702144343743,0.7689196502119192,0.2151041748317838,10.754650870812748,0.2773048938454547,0.2730616843524493,0.8638934522513039,0.4597034548840499,0.7746241320696625,0.2122697367155536,10.86393260493474,polyester,Sintetis,RGB
polyester_rgb_13.jpg,171.48389028558728,167.95507286860823,164.9343902185057,0.0627818808961915,0.0627818808961915,0.968609059551904,0.631028121774465,0.9212002072520324,0.3982634099882232,6.999794834048739,0.0636075221417268,0.0636075221417268,0.9681962389291366,0.6381106497162202,0.9224211522270832,0.4072513608704418,7.070156715455543,0.0505570491134871,0.0505570491134871,0.9747214754432564,0.6458039752316167,0.9350560551635752,0.4171010849459053,6.681959365733625,polyester,Sintetis,RGB
polyester_rgb_14.jpg,163.54049086188806,160.02295729106595,157.76509923567056,0.2855750163212703,0.2802217920895515,0.8604244131175103,0.4513268063893623,0.7769434553019849,0.2046137112274829,11.04920795366812,0.2885928224988714,0.2834717155783579,0.858776248482577,0.4428948002031702,0.787705782490408,0.1970674388948461,11.276164309293913,0.2895869499451673,0.2845901406036074,0.8582046062120567,0.4370769173523823,0.7938106840638901,0.191943104546212,11.3851045640321,polyester,Sintetis,RGB
polyester_rgb_15.jpg,163.4761747785307,159.91617331675317,157.63504684195982,0.2778207096882646,0.272767115296544,0.8641217752691281,0.4560031277928998,0.7788584824117986,0.208831670783193,10.928000544471317,0.2813996103662285,0.2765756248128828,0.8621945728880072,0.4470349787159022,0.7894964780077283,0.2007265031404225,11.162093433566158,0.2821819801276927,0.2775810371445975,0.8616695359447069,0.4413122089299537,0.7949867185551859,0.1956414437694486,11.258403791519685,polyester,Sintetis,RGB
polyester_rgb_16.jpg,163.64395892905773,160.06480092292227,157.79162774433712,0.2789434485431596,0.2739924119416269,0.8634988888487491,0.4552122874056445,0.7806535504474366,0.2081115986573105,10.976128789043608,0.2819692008059417,0.2772477137473872,0.8618482432116219,0.4469117415751548,0.7904136438314209,0.2006176429538939,11.189722630063532,0.2827804351022624,0.2782209387765314,0.8613454714037169,0.4429297913226258,0.7935410556828799,0.1970742526434597,11.254036710336798,polyester,Sintetis,RGB
polyester_rgb_17.jpg,166.19147871311517,162.69867558951685,160.4734358229607,0.266545729571188,0.2626172397141311,0.8690842158677544,0.4497400475688418,0.8052204810440258,0.2030132949997101,11.1299940996518,0.2687275540051054,0.2646823460645783,0.8680633212399916,0.4430382804971118,0.814434818383637,0.1970265195124593,11.329832032688216,0.2704721371218934,0.2664928628359234,0.8671514694888635,0.4380060893189383,0.8181181559813008,0.1925875166867529,11.427509339094222,polyester,Sintetis,RGB
polyester_rgb_18.jpg,163.91848124819782,160.37418838807992,158.2512094707164,0.2775252696288978,0.2725639682792142,0.8642141327344752,0.4548982183940924,0.7790962483675253,0.207800713613444,10.92388387488178,0.2798835253575159,0.2750425048032883,0.8629628263622224,0.448730916365982,0.7892486957746233,0.202219924378717,11.13580118127742,0.2806711127749543,0.2759711666494318,0.8624844024472459,0.4449829520685293,0.7934021873287626,0.1988679522157893,11.215928702954493,polyester,Sintetis,RGB
polyester_rgb_19.jpg,165.24231177611975,161.69277090942586,159.507742164472,0.2611992552781547,0.2579159179027887,0.8713703747861423,0.4583439902009035,0.796554696489149,0.2109713608153206,10.86196474814578,0.2648376876551349,0.2615314253504807,0.8695649135552249,0.4525690298724507,0.803596563773155,0.2057131550164135,11.061065493930569,0.2672236560965743,0.2639850834267007,0.8683313111333417,0.4451406111032585,0.8102901488566853,0.1990400173421342,11.214379044562897,polyester,Sintetis,RGB
polyester_rgb_20.jpg,167.42686594398788,163.91577245430443,161.7841453958013,0.2918413593150709,0.2862298466053441,0.8574462102871196,0.4376285680498956,0.7864872812732511,0.1925532058789953,11.296256609147818,0.2919621271200175,0.2861876826636137,0.8574835810123569,0.4328300600918252,0.7973267444437907,0.1883607909656896,11.471466247655068,0.2944293404488072,0.2886654720349922,0.8562436331427041,0.4298925199553847,0.7995627498490804,0.1858268997051861,11.55543758222788,polyester,Sintetis,RGB
polyester_rgb_21.jpg,167.34306291450403,163.76545066300622,161.51960183583236,0.282475107625018,0.2778816207438901,0.8615185250552817,0.4448643576860887,0.7857986473255439,0.1988414478132218,11.11109208811637,0.283221001498936,0.2784332094605529,0.8612621523720854,0.4413482109877613,0.7949893328543214,0.1957138653412867,11.276148173648068,0.2862934484102284,0.2814633865240086,0.8597513085063224,0.4366354243600245,0.7995713588555037,0.1915727210624138,11.408118235404237,polyester,Sintetis,RGB
polyester_rgb_22.jpg,166.14957513336216,162.63095474096502,160.49511330778228,0.2829138200780799,0.2779751262878987,0.8615063062350687,0.4584412393126209,0.7648289511038063,0.2111194531498037,10.820136878726998,0.2841062565917859,0.2791228495639028,0.8609369115005416,0.4531279277632837,0.776250756988708,0.206262091174538,11.01855766604835,0.285285965503979,0.2803967953289321,0.8602905149327432,0.4499607465574065,0.7801167471206516,0.2033974169715251,11.102703010539324,polyester,Sintetis,RGB
polyester_rgb_23.jpg,163.71985234044598,160.16763359244842,157.97211634347366,0.2818678279484356,0.276081111615165,0.862538080464736,0.4481881022934419,0.7870886116857372,0.2017566135071811,11.133637354417113,0.285507973608733,0.2799029006591995,0.8606090304449359,0.4408675239768994,0.7954844152511269,0.1952386319083721,11.341965370949108,0.2858285838062031,0.2804178126437054,0.8603321486929205,0.4361185080086307,0.800512062610683,0.191068820475761,11.42442472934768,polyester,Sintetis,RGB
polyester_rgb_24.jpg,165.3363478740148,161.8285085914472,160.0123863117551,0.2928371097682096,0.2859135335686831,0.8577355775747252,0.4472654240255106,0.7691367014290825,0.2010176252400893,11.057081371556947,0.2992770296887367,0.292357135565797,0.8545134083685095,0.439430519508986,0.7775675065851301,0.1940783078208185,11.31403134160493,0.3012203914173985,0.294484211412608,0.8534314990332889,0.4364503075653188,0.780455043278479,0.1914671169963294,11.400247637804943,polyester,Sintetis,RGB
polyester_rgb_25.jpg,165.73789941068338,162.14777944981097,160.04484265366685,0.2861041059361832,0.2807761868719739,0.8601446807906069,0.449041164963688,0.7739545098927136,0.2025717838779478,11.001731276951787,0.2914778273657353,0.2860040646606677,0.8575453350995823,0.4437616107158631,0.7803729001067911,0.1978644914896796,11.216633724173134,0.2920803429782224,0.2867283695775264,0.8571710037107156,0.4416410790238776,0.7845216979449698,0.1959778366626177,11.295092050720871,polyester,Sintetis,RGB
polyester_rgb_26.jpg,165.37769903202295,161.78862809676568,159.83397198493367,0.2970741279859537,0.2905213631090533,0.8553945595735095,0.4442969358360885,0.7706608055962035,0.1983968463551735,11.16544604637872,0.2994596640416761,0.2929423329095042,0.854180535717752,0.4385725719090531,0.7803077895400408,0.1933348294313669,11.359860068341368,0.2995811693842808,0.2931942049374699,0.8540415397450312,0.4354042671011784,0.7856267239274388,0.1905574130961865,11.447046072448648,polyester,Sintetis,RGB
polyester_rgb_27.jpg,165.4510303278787,161.8823602000032,159.71625046056005,0.2932581383348497,0.2866586619807251,0.8573305768651005,0.4463983628089351,0.7675214086491484,0.2002359942043289,11.039738945368477,0.2983708269685531,0.2916062239852012,0.8548733085257852,0.4414316347630549,0.7751914086144973,0.1958315073116391,11.265796892873697,0.2995279280398593,0.2929642590835521,0.8541742152537324,0.4402491224482371,0.7778710643996923,0.1947842929418707,11.33528504695986,polyester,Sintetis,RGB
polyester_rgb_28.jpg,165.55135469731192,161.99414550593522,159.90421026968795,0.2924801817957246,0.2863206531568059,0.8574555720536711,0.445933586283452,0.7703666231618593,0.1998369639053765,11.067386516905373,0.2979003951298306,0.2916759224593878,0.8547844285766711,0.4395886953109087,0.7783622143862405,0.1942188066410899,11.301832310639409,0.2983554767000501,0.2923221704062669,0.8544422100652364,0.4375924691714141,0.781872740436175,0.1924641137402646,11.368837524661664,polyester,Sintetis,RGB
polyester_rgb_29.jpg,165.32403214809207,161.75561194913016,159.69263649597912,0.2980793937291131,0.2911002103487163,0.8551478087433863,0.4449500092721005,0.7670977316460705,0.1989515987123407,11.128450026324863,0.3030434947046874,0.2960071918933696,0.8527000078153835,0.4378993992147344,0.7761679284922653,0.1927274079014573,11.365146060672268,0.3031162347155304,0.2962280823035565,0.852574756409592,0.4362724217848198,0.7801114616880531,0.1913002270169546,11.43308737000459,polyester,Sintetis,RGB
polyester_rgb_30.jpg,165.32062800865853,161.85602279872325,159.66015862789152,0.2913840767453847,0.2845236221328514,0.8584241978437396,0.4470759533739495,0.7688879271891089,0.2008204935015589,11.021418168068616,0.2971272918760827,0.2902928075601611,0.8555369960309714,0.4412686730022336,0.7768713940729433,0.1956666538101467,11.266880915097753,0.2982759737972399,0.2916628365306508,0.8548298291609664,0.4387052682803796,0.7802497681586475,0.1934079420359856,11.339676074937424,polyester,Sintetis,RGB
rayon_rgb_01.JPG,149.88434176718528,146.49333309712773,140.00431116215776,3.297779969274253,1.2639014317264985,0.5417365779940719,0.1725208806488931,0.6089124216753473,0.0299249827452316,22.65725316599532,3.300738013311729,1.265273186359408,0.5413311100006452,0.1718195347594027,0.609257542025994,0.029682653115965,22.678837460649785,3.285608721122733,1.261559029005851,0.5422103682883035,0.172927875558392,0.6108869652999169,0.0300658431556986,22.64060627477655,rayon,Sintetis,RGB
rayon_rgb_02.JPG,150.7355899825208,147.27413077981964,140.79271261455972,3.18504313228326,1.239468670718046,0.5471474193546833,0.1758916904067617,0.6113395334857479,0.0311677278955956,22.462552651623835,3.186063884468322,1.2404647409636576,0.5468263171560991,0.1751724253879457,0.6116189067640824,0.0309137378989208,22.48202114323373,3.172771930690557,1.2370251629696478,0.5476894990482284,0.1765650428337394,0.613531647999086,0.0314058784710891,22.435370437102243,rayon,Sintetis,RGB
rayon_rgb_03.JPG,151.23171563667904,147.71007124879273,141.26068494044995,3.528475101814842,1.314685251868304,0.5304046518460575,0.1664102124041876,0.6021209409507985,0.0278634776989583,22.996811622689386,3.5313096881592902,1.3160681992188694,0.5299954301350005,0.1656613103660119,0.6028955842481732,0.0276137274456138,23.01867975305954,3.5151851604353226,1.3121289640591738,0.530918402164189,0.1668463281367747,0.6038890064323288,0.0280087002098256,22.976413790335783,rayon,Sintetis,RGB
rayon_rgb_04.JPG,151.8844793897497,148.3423467091312,141.79571718251344,2.328166330899065,1.0691622587074314,0.5796260123656498,0.1907283766293978,0.6536596123673966,0.0364975945239578,21.33304445635958,2.3389576346739114,1.07210123789382,0.5788477785893527,0.1899982392908045,0.6532957390987807,0.0362188307368454,21.36850692591753,2.3209751874532305,1.0674498528747949,0.5800262546915542,0.1911636131179513,0.6562270658937764,0.0366633618905321,21.32690515974224,rayon,Sintetis,RGB
rayon_rgb_05.JPG,151.62177579365078,148.0611364047934,141.53513066106072,2.4540429513890656,1.094637417682628,0.5746251586556838,0.1903411114486965,0.6317830944424752,0.0364174143143851,21.36729202874818,2.4613013402106727,1.0967393886313623,0.5740527367744858,0.1899461018684776,0.6311174067589818,0.0362663821698616,21.386782799312165,2.4484712814004443,1.093258208329274,0.5749766575864832,0.1903282768185225,0.6347707192748401,0.036413207108592,21.378621752304948,rayon,Sintetis,RGB
rayon_rgb_06.JPG,151.41242029701542,147.8495530301241,141.30156975019946,2.687025692197972,1.1476572239597926,0.5626784322527902,0.1830603617028061,0.6276090718436877,0.0336937957506736,21.80897350190874,2.694707269375635,1.149903276467355,0.5620590091424149,0.1824664274633423,0.6275750747949493,0.0334758113298137,21.83444843844069,2.6794370039522426,1.1459873182588467,0.5630512810557315,0.1832076405544331,0.6305020892712672,0.0337481896974276,21.812277014521563,rayon,Sintetis,RGB
rayon_rgb_07.JPG,151.32659015573822,147.7973809556616,141.27293523505082,3.6119889703952186,1.3315241523626686,0.5269431871768155,0.1646535851921694,0.5998667678474608,0.0272916095292486,23.09959141866652,3.6129965937423543,1.3326277773386763,0.5266100791773694,0.1638937006750424,0.600645922961826,0.0270404464182321,23.119241416562343,3.597980381167916,1.328845466660118,0.5275114402591963,0.1650607488680714,0.6016779530424861,0.0274258815914237,23.07791411725077,rayon,Sintetis,RGB
rayon_rgb_08.JPG,151.8209971681574,148.25152836501113,141.6855391655119,2.983768845776636,1.2042384785456743,0.5527203109780211,0.1775129005189861,0.6221615325769732,0.0316734020422571,22.2875930521082,2.990286622067728,1.2062065047597097,0.5522157724854175,0.1767732542792397,0.6224831905203414,0.031410481523992,22.31523602006992,2.974099129084438,1.2021388090841736,0.5532059631434254,0.1779814257313555,0.624313771955908,0.0318404055348339,22.273783016437523,rayon,Sintetis,RGB
rayon_rgb_09.JPG,151.59729964516671,148.02575920414463,141.51633697942913,3.5296948328734503,1.3124391038814052,0.5313136648828938,0.1665823070931675,0.6048295255186333,0.027920720029204,23.012577320412092,3.5288326905509555,1.3133100492922445,0.530991510335447,0.1657855961125319,0.6055427181013555,0.027654687019908,23.030128846437748,3.5141866898377554,1.3094672479150702,0.5319454120114481,0.1671296080844186,0.6068355162484332,0.0281036492951176,22.984221336505698,rayon,Sintetis,RGB
rayon_rgb_10.JPG,151.7472012097663,148.1644683143319,141.6429326794375,3.227024668048889,1.2467596952636983,0.5460787057586981,0.1742543491262904,0.6129678140997861,0.0305339754707812,22.58434217176433,3.229854670016431,1.2482208786939424,0.545638159188885,0.1734717610951737,0.6132829024179417,0.0302609019645591,22.60570150369193,3.214270035273975,1.2442884011608897,0.5465812614206853,0.1746618766361647,0.6156108184756739,0.0306756317258417,22.569948830742867,rayon,Sintetis,RGB
rayon_rgb_11.JPG,151.51772690171748,147.92419006086232,141.3619311053897,3.1193943293300377,1.2236041565613456,0.5508013705257668,0.1768905822097802,0.6155446058135607,0.0314635618258866,22.43094559712618,3.121015064680325,1.2248293020364898,0.5503933138300955,0.1761257556763396,0.6159176755484821,0.0311920060783913,22.45177576568208,3.108221136381436,1.2215035779837071,0.5512309914342627,0.1774584987369306,0.6177647945677426,0.031665259744861,22.40961002539549,rayon,Sintetis,RGB
rayon_rgb_12.JPG,151.9277888335118,148.30732102833417,141.78989192609913,2.879178855362333,1.1833322598341185,0.5569285381479717,0.1802599728504183,0.6238284754037084,0.0327227720250882,22.081678364256717,2.8840473853359647,1.1850009519617233,0.5564640051391934,0.1796772408774471,0.6235813722411083,0.0325113242895987,22.101554274287157,2.8699059812693184,1.1814495803831913,0.5573324897877155,0.180479272511896,0.626646393025869,0.032802227314044,22.078460654946788,rayon,Sintetis,RGB
rayon_rgb_13.JPG,151.65429261017678,148.03605891623624,141.56696526990424,3.606208466971175,1.324987548572144,0.52968422588441,0.1657385818658467,0.6037030704193348,0.0276507179701237,23.09972470512701,3.603712365191444,1.325581001642051,0.5294206548299087,0.1649209037281374,0.6045301407225578,0.0273792663752249,23.116554879391337,3.589358600257568,1.3221029073541128,0.5302026110847665,0.1662660896796539,0.6056310588734658,0.0278262102210174,23.06865307266444,rayon,Sintetis,RGB
rayon_rgb_14.JPG,152.28935546054842,148.66834577677523,142.1290910316673,2.580425001119549,1.1226524820061914,0.5686239752204588,0.1852382751642756,0.6357675881067137,0.0344964377650477,21.67918323490776,2.5875978655031,1.1247781797787515,0.5680398447132737,0.184770446378151,0.6356457406822118,0.0343224318035871,21.702367671305478,2.5725477167748223,1.120874000228852,0.569016875752778,0.185316561216535,0.6383099610182312,0.0345257619746501,21.683784175762327,rayon,Sintetis,RGB
rayon_rgb_15.JPG,152.04043528097966,148.44927419270178,141.91946430867873,3.2615388563509,1.256191438379177,0.5433065433726021,0.1718392611591324,0.6152725100104522,0.0297256977376785,22.68406381713514,3.2635609948659594,1.2574507928317047,0.5429328786871833,0.171084958789389,0.6157301497072099,0.0294658114708502,22.704763192363487,3.248582660038763,1.2536831801551496,0.5438385710449318,0.17240690457579,0.6175588686525422,0.0299218073415662,22.659873842940076,rayon,Sintetis,RGB
rayon_rgb_16.JPG,151.83108076853426,148.2119015960937,141.7215524809461,3.366764560520484,1.282643578204871,0.5369030308180885,0.1692182535697884,0.6105399423380024,0.028850662166046,22.80370546096073,3.367619248131015,1.2835098072682238,0.5366570085606459,0.1685279604332267,0.6110582014023578,0.0286161810396716,22.820628193176614,3.353106842019775,1.280129770060789,0.537389347053603,0.1695982389569738,0.6127367698837288,0.0289797436545241,22.78574072311285,rayon,Sintetis,RGB
rayon_rgb_17.JPG,151.91349872317755,148.2870755024618,141.80912308017344,3.3030406758359567,1.270917286619499,0.5391150993769264,0.1700817049539873,0.6133073838518257,0.0291470736715169,22.736857255907672,3.3049379611542262,1.2720201484239808,0.5387992238155324,0.1693822552661953,0.613973958791491,0.0289082840446529,22.756375033983787,3.2907253304758437,1.268533244322727,0.5396238246144599,0.170500289921762,0.6155948767005661,0.0292902374900959,22.719078657910963,rayon,Sintetis,RGB
rayon_rgb_18.JPG,152.03145110281767,148.38719837857982,141.87187609901213,3.1123535688146724,1.2391980824402342,0.5432527085084341,0.1717411823687916,0.6213879181872333,0.0296603251060211,22.551828859054503,3.118342687964833,1.241089078342555,0.5427443098858508,0.1710438353425571,0.6219258863984015,0.0294202143650144,22.577304272109288,3.1020874716629505,1.2371583988448138,0.5436529438956827,0.1720715297074067,0.623536988496195,0.0297740217752865,22.54159920507733,rayon,Sintetis,RGB
rayon_rgb_19.JPG,151.83170433489755,148.19890290703472,141.7379148852828,3.4774702002946887,1.3080106358493817,0.5306983662325829,0.1661713132389152,0.6078204218599684,0.0277861008534948,22.985900099267152,3.4786920779507704,1.309067715634098,0.530376961828553,0.1654254345915456,0.6084075873306003,0.02753757986399,23.003416266968827,3.463874363376224,1.3055663121761651,0.5311495183769277,0.1666472588142115,0.6099205054136265,0.027944765707586,22.96231026137006,rayon,Sintetis,RGB
rayon_rgb_20.JPG,151.93650055508314,148.27518156664672,141.81532511731544,3.2465661854307597,1.265458249800586,0.5383675410062995,0.1695013257445094,0.6157230127155688,0.0289028654769941,22.714429713015445,3.2519340656128466,1.2671189016399302,0.537958031385347,0.1688189502557727,0.6163310057998403,0.0286708775240214,22.738460219740983,3.234900394126878,1.2633171730297528,0.5387520630653606,0.1698413396302408,0.617695149985781,0.0290182087885649,22.70188992685788,rayon,Sintetis,RGB
rayon_rgb_21.JPG,151.74691792708597,148.0739004465598,141.5720242524093,3.142651323986648,1.241208264592905,0.5438539547290724,0.1724531457108443,0.6214643737887722,0.0299005383948747,22.58110266315512,3.1458460919229685,1.2427305427158328,0.5433717964851269,0.1716248459179257,0.6220909630419224,0.0296144321749841,22.605322066505785,3.1308025116520306,1.238946144336305,0.5443057246265179,0.1730934177307516,0.6236420576791619,0.0301220162618197,22.55539078364776,rayon,Sintetis,RGB
rayon_rgb_22.JPG,151.77392852878037,148.09702398995864,141.66453687956664,3.686151783605064,1.3443973413623729,0.524767266928586,0.1635484370839327,0.600471865194244,0.0269225927130279,23.209338061517936,3.683145672633025,1.344847501542204,0.5245526754228689,0.1628237664058017,0.60114099925757,0.0266851723917266,23.22125382841048,3.669345719883422,1.3412905977931333,0.5254149319445978,0.1640883856565883,0.6024803501210723,0.0270998052807779,23.17907675213232,rayon,Sintetis,RGB
rayon_rgb_23.JPG,151.77338714227974,148.07336964010142,141.62296075837742,3.4367471694319085,1.2884768415321457,0.5376460308722762,0.1699712114105342,0.60832780133912,0.029075401097287,22.871301984745,3.4337712842168653,1.2888520954415237,0.5374339104108183,0.1692316902721914,0.6088332670648304,0.0288237251378648,22.88399203198565,3.420806547590636,1.2855010955689683,0.5382540474859698,0.1706860806348579,0.610648690413116,0.0293194616842349,22.837141648745387,rayon,Sintetis,RGB
rayon_rgb_24.JPG,151.6533821524366,147.93786972736626,141.4766193369709,2.9832560583805425,1.1962448902939289,0.5567611835102004,0.1801810749411172,0.6202078318531576,0.0326829963273252,22.20723734049216,2.985676036362904,1.197492067443722,0.5563811307946591,0.1794794038598903,0.6202862328978879,0.0324298965958774,22.22558904544845,2.972686244021078,1.1941055463914765,0.557225893132519,0.1805870224883176,0.6233787277040043,0.0328295934943728,22.198920978311964,rayon,Sintetis,RGB
rayon_rgb_25.JPG,151.46561051600423,147.76331617234084,141.30377769838643,3.4160677675635283,1.282501584252031,0.5392232910047238,0.1709066343717326,0.6089327223942586,0.0293745114904057,22.834624859704373,3.414829032066641,1.2831660385597694,0.5389890190748088,0.1700757360871027,0.609453094107404,0.0290904652912184,22.8510785903812,3.401535501519554,1.2797406526429502,0.5398059975728702,0.1714987452269958,0.6116060589841912,0.0295779484909774,22.80658413623609,rayon,Sintetis,RGB
rayon_rgb_26.JPG,151.61751359494414,147.88351242310196,141.3891307535746,2.9318612785624305,1.195682442614732,0.5538400271957339,0.1774380818836647,0.6264818636959218,0.0316482407090709,22.2526270728943,2.9381278817664565,1.197675342888708,0.5532849387379443,0.1767360772434889,0.6267305946743275,0.0313985967496131,22.27828788192153,2.922412535426842,1.1937574965557052,0.5542317141362865,0.1777093691235637,0.6291044184410945,0.0317446270120319,22.249231303339368,rayon,Sintetis,RGB
rayon_rgb_27.JPG,151.79150197887796,148.0463021194203,141.62424118953138,3.087532448186715,1.2275029643105086,0.5477992472610598,0.1743259013469702,0.6243542808819159,0.0306291954784238,22.461273397645083,3.0911740982767766,1.2288385445866237,0.5474352736903566,0.1736493450007252,0.6244860798883931,0.0303927634520942,22.480472405481454,3.0763075138738563,1.225314109731415,0.5482419850379392,0.1747605210514952,0.627298373942315,0.0307815978158225,22.44830097828899,rayon,Sintetis,RGB
rayon_rgb_28.JPG,151.86188000952697,148.15475755792286,141.73039509978375,3.3698163316028777,1.2894826987693555,0.533959535057459,0.1667368179601611,0.6175504364357385,0.0279846464309635,22.910484282951483,3.3756785467535777,1.291482800297632,0.533398930308968,0.166001072087208,0.6177477935113072,0.0277380533854445,22.932540617582475,3.358867375416596,1.287465600920126,0.5343292022560276,0.1670161473734042,0.6200172868524938,0.0280776122507983,22.899417301936488,rayon,Sintetis,RGB
rayon_rgb_29.JPG,152.27564618632948,148.565897095721,142.1360049662226,3.075924695390392,1.2204281774384862,0.5503521987997534,0.1765250049877083,0.6203586188745535,0.0314274561532736,22.381564593166708,3.077809584246469,1.221482530068144,0.5500351295165118,0.1758624428740645,0.6202960249388647,0.031193003487031,22.397284435081165,3.064798963240128,1.2182977055481334,0.5507840283171308,0.1770603269768954,0.6233375562232305,0.0316179234161927,22.361681797682778,rayon,Sintetis,RGB
rayon_rgb_30.JPG,152.07248961023453,148.3699014038486,141.98975491045184,3.447420816937556,1.29528182176145,0.5349718050913012,0.1678814489538291,0.6111880150978936,0.0283685319524266,22.94234423916759,3.4461735057886687,1.295955342452479,0.5347286236276454,0.1671599665385324,0.611544384505919,0.0281260223775532,22.954995885634744,3.4325465168021743,1.2925125782905758,0.5355451711365178,0.168405127304513,0.6135374833841609,0.0285451382707869,22.916904371075,rayon,Sintetis,RGB
